time,roll,pitch,yaw,angular_velocity_x,angular_velocity_y,angular_velocity_z,linear_acceleration_x,linear_acceleration_y,linear_acceleration_z
1726869629364022538,-0.009588059456557415,-0.03316800474082432,-0.01247310535735408,-0.0005627368809655309,0.0004186045262031257,-0.00016113002493511885,-0.3181922733783722,0.08303838223218918,-9.781668663024902
1726869629403780577,-0.009588059897042419,-0.033168002708859855,-0.012491703299016355,0.000264569855062291,-0.0009772571502253413,-0.00043588850530795753,-0.32918134331703186,0.1029796376824379,-9.781734466552734
1726869629444286194,-0.009586254766807021,-0.03316693556499542,-0.012523174192531853,0.00010802773613249883,-0.0002759224735200405,-0.0006391126080416143,-0.3263561725616455,0.10242486000061035,-9.804810523986816
1726869629484149116,-0.009586254469945486,-0.03316693776074273,-0.012513159491439363,-0.00037749428884126246,-0.0006202487275004387,0.00015771598555147648,-0.32498395442962646,0.09123030304908752,-9.794431686401367
1726869629523773024,-0.009586254205988288,-0.03316693797340302,-0.012500763855706946,0.000330989743815735,-0.0005748367984779179,8.912169869290665e-05,-0.3149247169494629,0.10382958501577377,-9.814870834350586
1726869629563698478,-0.009586254284335618,-0.03316693700218764,-0.012522697295014557,-0.00046551437117159367,-8.368591079488397e-05,-0.0003013973473571241,-0.3239820897579193,0.0930587574839592,-9.79951286315918
1726869629603590964,-0.009586254920397412,-0.03316693571201112,-0.012531757432906429,-0.0017651462694630027,0.0005219162558205426,0.00017576930986251682,-0.32022637128829956,0.09734196960926056,-9.784871101379395
1726869629644669641,-0.009586254694490553,-0.03316693769739108,-0.012532949673634752,-0.000615325930994004,-5.060225157649256e-05,2.1283471141941845e-05,-0.3250463306903839,0.10001089423894882,-9.803470611572266
1726869629685485842,-0.009585402921302274,-0.03316618904063803,-0.012551545768486376,0.00012208338011987507,-0.0006799742695875466,-0.0002360897633479908,-0.3267127275466919,0.10612796992063522,-9.794425010681152
1726869629723220693,-0.009585403295164172,-0.03316619020836204,-0.01256537377883592,0.0005326581303961575,-2.9009295758442022e-05,-5.3895633755018935e-05,-0.3229515254497528,0.08863022178411484,-9.774454116821289
1726869629764524315,-0.009585403812837241,-0.03316618952326111,-0.012555121385666704,0.0002564007882028818,8.674860146129504e-05,0.0007431720732711256,-0.3160960376262665,0.09744342416524887,-9.764111518859863
1726869629804087363,-0.009585403823407765,-0.0331661903673813,-0.012556075178618,-0.000541388348210603,-0.0003663987445179373,-0.0001625283621251583,-0.3145906627178192,0.10617351531982422,-9.76037311553955
1726869629845343768,-0.009585402721852055,-0.03316619137467424,-0.012579202736775734,0.0006572904530912638,-1.0988876965711825e-05,-0.0005090271006338298,-0.32198646664619446,0.09855325520038605,-9.774201393127441
1726869629884093304,-0.009585403007931616,-0.033166187569514706,-0.012598991073352276,0.0010205338476225734,-0.0007441823836416006,-0.00011400263610994443,-0.32506656646728516,0.08531229197978973,-9.784144401550293
1726869629923795684,-0.009583894562797235,-0.03316524382151685,-0.012577772721143408,-0.0013386774808168411,0.00021820032270625234,0.0007084796670824289,-0.3209402561187744,0.07942426949739456,-9.800350189208984
1726869629964238759,-0.009583893874725113,-0.03316524359725906,-0.012590170232500973,-0.0002123211743310094,7.970376464072615e-05,-0.00011193779937457293,-0.32199639081954956,0.08551590889692307,-9.797162055969238
1726869630003849735,-0.009583894172326511,-0.03316524370360177,-0.012629031523945141,-9.741484245751053e-05,-0.0004182418342679739,-0.0009087439393624663,-0.32555410265922546,0.08291622996330261,-9.793070793151855
1726869630047123975,-0.009583893912074464,-0.03316524328914894,-0.012634755074200744,0.0012158902827650309,-0.0003229198628105223,-0.0008477711817249656,-0.31534114480018616,0.09010551869869232,-9.759777069091797
1726869630084090238,-0.00958389457345858,-0.03316524591042758,-0.01266288723295541,0.000600344268605113,2.2814952899352647e-05,-0.0008665025816299021,-0.31156420707702637,0.1113184317946434,-9.76382827758789
1726869630123687525,-0.009583894089535673,-0.0331652420684654,-0.012667895457187923,0.0003510375099722296,-0.0007690243655815721,-0.0005801929510198534,-0.3160274624824524,0.10215294361114502,-9.777682304382324
1726869630163948438,-0.00958389418436921,-0.03316524178738446,-0.012683390928923356,0.0003357422538101673,-0.0001851086999522522,-0.000835408631246537,-0.31281691789627075,0.10688727349042892,-9.762653350830078
1726869630203688560,-0.009582299121678389,-0.03316466837472973,-0.012696026102446802,0.0005316048045642674,-0.0006660996004939079,3.868422209052369e-05,-0.31908291578292847,0.08042637258768082,-9.800191879272461
1726869630244040720,-0.009582299456486108,-0.03316466464999257,-0.012682436539768806,5.618479917757213e-05,-7.109732541721314e-05,4.936646655551158e-05,-0.3162722587585449,0.0823979377746582,-9.78754997253418
1726869630284102376,-0.009582300068394587,-0.033164666154634086,-0.012678860716028546,9.736479114508256e-05,0.0005557459662668407,-7.93954313849099e-05,-0.31722524762153625,0.0817730724811554,-9.803226470947266
1726869630323943243,-0.009582299273857045,-0.033164667662208616,-0.012703655545432926,6.784174911445007e-05,-0.0002988290216308087,-0.0008157585398294032,-0.32281115651130676,0.10433854907751083,-9.77101993560791
1726869630363904124,-0.009582298509567638,-0.03316466699595606,-0.012706994616582689,-8.7188724137377e-05,0.0002613327815197408,0.00012495370174292475,-0.3213024139404297,0.09685888141393661,-9.77551555633545
1726869630403701819,-0.009582299330899465,-0.03316466639607943,-0.012694834794002834,-0.0008758383337408304,-0.0003084302297793329,0.00046850770013406873,-0.31336790323257446,0.10182135552167892,-9.759661674499512
1726869630447510368,-0.009581023886910763,-0.03316299472433195,-0.012709140169288978,0.00010916950122918934,0.000334539741743356,-0.0005810311995446682,-0.3273550271987915,0.10019439458847046,-9.79028034210205
1726869630485218681,-0.009581024390378045,-0.03316299803141965,-0.012729644745397206,-0.0001076602129614912,3.678690336528234e-05,-0.00035832030698657036,-0.32098764181137085,0.0906945988535881,-9.802721977233887
1726869630523620670,-0.009581024645384047,-0.03316299622793554,-0.012747526409461465,0.000237956628552638,5.614880865323357e-05,-0.0007875896408222616,-0.32774823904037476,0.09283386915922165,-9.783127784729004
1726869630564037886,-0.009581024388212848,-0.033162997251400844,-0.012740373097285847,-0.00020949546888004988,0.0009524479974061251,9.235071047442034e-05,-0.316487193107605,0.09000875055789948,-9.788668632507324
1726869630604216928,-0.009581024151079462,-0.0331629951978446,-0.012755869347533892,0.0006525960634462535,-0.0003895577974617481,-0.000575514801312238,-0.31682831048965454,0.0897221565246582,-9.806626319885254
1726869630646777839,-0.009581024573819985,-0.03316299658442235,-0.012743711222840707,-0.00016892531129997224,0.00041545121348463,0.0004412733542267233,-0.32301124930381775,0.10787633806467056,-9.798810005187988
1726869630683686393,-0.00957932636436341,-0.033161573095730756,-0.01273655859275422,-9.946946374839172e-05,0.0003573523717932403,0.0003275026974733919,-0.3221941292285919,0.09174734354019165,-9.78368854522705
1726869630723672897,-0.009579325713131455,-0.03316157121032211,-0.012742756264277587,-0.0002465513243805617,0.0009048562496900558,-0.00033496262039989233,-0.3122011423110962,0.10893210023641586,-9.76451587677002
1726869630763952739,-0.009579325672779176,-0.03316157373654554,-0.012693166775075917,0.00012005036842310801,0.00038446238613687456,0.0010875262087211013,-0.310791939496994,0.10877052694559097,-9.795944213867188
1726869630804013870,-0.009579326131193416,-0.033161570615275096,-0.012691736087492047,-0.0009151623817160726,0.00021393972565419972,0.00019332650117576122,-0.32065173983573914,0.09802155196666718,-9.798615455627441
1726869630847872076,-0.009579326278594284,-0.03316157056578481,-0.01268124448802186,0.0002335141325602308,0.0007112311432138085,0.0002101034770021215,-0.3283979296684265,0.10289783030748367,-9.773358345031738
1726869630886397780,-0.00957932635288977,-0.03316157020607539,-0.012685059675010175,0.000130837011965923,0.000576133606955409,-0.0003561413614079356,-0.32186952233314514,0.09349633753299713,-9.780322074890137
1726869630923985159,-0.009577605487153135,-0.03316048644524994,-0.01266288612821597,-2.2856813302496448e-05,-0.000509487057570368,0.00036655395524576306,-0.3328687250614166,0.09148179739713669,-9.787692070007324
1726869630963950581,-0.009577605201824612,-0.03316048725816643,-0.01267743043024634,-0.0006571762496605515,-0.0001520017976872623,-0.00038463014061562717,-0.3301180899143219,0.09414148330688477,-9.813844680786133
1726869631003902901,-0.009577604897852416,-0.03316048504065739,-0.012673854639837034,-0.0006348809110932052,-0.00012148266250733286,-0.0002157633425667882,-0.3288886845111847,0.07508091628551483,-9.823403358459473
1726869631043527481,-0.009577605201824612,-0.03316048725816643,-0.01267743043024634,-0.00029656357946805656,0.0006209620041772723,-0.0005344448727555573,-0.31763479113578796,0.08886031806468964,-9.78205680847168
1726869631083956852,-0.00957760521508819,-0.03316048809858761,-0.012678384222657218,-0.000569948460906744,0.0011445882264524698,-0.00041889894055202603,-0.3208374083042145,0.08896061033010483,-9.800307273864746
1726869631124244200,-0.009577605175295057,-0.033160485577324136,-0.012675522845407117,-0.00020145473536103964,0.00035913308965973556,4.419233664521016e-05,-0.31692132353782654,0.09577423334121704,-9.782976150512695
1726869631163772730,-0.009577604442463217,-0.033160487315924254,-0.012674330603387365,0.0005067785969004035,5.466115544550121e-05,0.0003111133992206305,-0.32411932945251465,0.09171821177005768,-9.780562400817871
1726869631203873524,-0.00957608726152414,-0.03315872170483781,-0.012681006330961893,-0.0003960547619499266,0.0004646535962820053,0.0002644359483383596,-0.318549782037735,0.09162291884422302,-9.77928638458252
1726869631244512505,-0.009576087760194614,-0.0331587211049767,-0.0126824370205164,4.485811950871721e-05,0.00035478867357596755,-0.00012322451220825315,-0.3068428337574005,0.10136755555868149,-9.777164459228516
1726869631284507574,-0.009576087562415016,-0.03315871935965123,-0.012683629277936615,-0.0004249831836204976,-0.0003699539811350405,7.205816655186936e-05,-0.32121944427490234,0.08115869015455246,-9.77953815460205
1726869631323771818,-0.009574382612846821,-0.03316445440267996,-0.012691020746989894,-0.0005620104493573308,-0.004607567563652992,-0.00041051150765269995,-0.6003546118736267,0.09071629494428635,-9.79445743560791
1726869631363817095,-0.009531836770400403,-0.03347834665802973,-0.012628555497168025,0.00014051907055545598,-0.005662221927195787,0.0014456951757892966,-0.8755642175674438,0.09354852139949799,-9.757262229919434
1726869631404040376,-0.009452689959653171,-0.033304405391491744,-0.01248478889539399,0.0007104923133738339,0.0065589286386966705,0.003534743096679449,-0.7572970390319824,0.09379176795482635,-9.719636917114258
1726869631447244594,-0.009376256447548598,-0.0331729270050055,-0.01215720232497916,0.00131570256780833,0.005601342301815748,0.008173282258212566,-0.5535738468170166,0.09032505750656128,-9.741948127746582
1726869631485411378,-0.009154510582633568,-0.032798302612836824,-0.01169443076790221,0.0052525694482028484,0.008752191439270973,0.01117715798318386,-0.4240647852420807,0.10323446989059448,-9.61999797821045
1726869631537667404,-0.008940715899186881,-0.03267281849336387,-0.0112917430821767,0.005666594486683607,0.0037375870160758495,0.009867118671536446,-0.27339252829551697,0.0856347307562828,-9.851609230041504
1726869631563727980,-0.009047969562904776,-0.03234773100452598,-0.010990858385670477,-0.00024831670452840626,0.005357184913009405,0.006972881034016609,-0.3164529800415039,0.06661732494831085,-9.63415813446045
1726869631604015318,-0.008753530175699816,-0.032907845667859245,-0.01095104195513796,0.00542921619489789,-0.017792265862226486,-0.001685794093646109,-1.9226053953170776,-0.43572813272476196,-8.93299388885498
1726869631648038956,-0.010485781416090701,-0.033913423577241864,-0.011506558675515397,-0.040785543620586395,-0.005333415698260069,-0.005001767538487911,-0.3061264455318451,-0.2902336120605469,-7.422393321990967
1726869631684668354,-0.010842176782316897,-0.03194016708111691,-0.010257721861150567,-0.0040614185854792595,0.044700540602207184,0.02486230991780758,-0.6627794504165649,0.021682819351553917,-10.349651336669922
1726869631724144332,-0.009511877912358096,-0.030379668808297636,-0.009333612065256002,0.041385531425476074,0.032972127199172974,0.024859068915247917,-0.6561410427093506,0.13201895356178284,-9.369545936584473
1726869631763790005,-0.007748126455095499,-0.02976847976921576,-0.00782108311182178,0.02752513438463211,0.022250179201364517,0.03560560941696167,-0.6515374779701233,0.10906238853931427,-9.566474914550781
1726869631803867438,-0.007580208603730517,-0.029849827341314236,-0.00649332982806648,0.0027884256560355425,-0.007290615234524012,0.033826641738414764,-0.9812855124473572,0.1849661022424698,-9.613653182983398
1726869631850430687,-0.010421233247488046,-0.030835885873955804,-0.00493884025943502,-0.0665091723203659,-0.005855088122189045,0.04087620601058006,-0.4325806498527527,0.057429175823926926,-10.340510368347168
1726869631884322925,-0.009156865070570286,-0.03044278423354207,-0.0034401416889492287,0.045391060411930084,0.0028120719362050295,0.03585432842373848,-0.7488409280776978,-0.06595032662153244,-8.044726371765137
1726869631923840499,-0.007923253585914662,-0.030662747096233216,-0.0016713143045017865,0.012358387932181358,0.005212930031120777,0.046283818781375885,-0.5097855925559998,0.1600501835346222,-10.666765213012695
1726869631964054068,-0.010898982522125471,-0.03108968716021183,0.0010299682864836365,-0.04341293126344681,-0.008540754206478596,0.07667022943496704,1.1302986145019531,-1.9303464889526367,-14.60411262512207
1726869632003716907,-0.0036286688294330416,-0.023558865827098797,0.005950450589711976,0.1317901611328125,0.13566315174102783,0.11114365607500076,-1.3007656335830688,0.005398468114435673,-8.532227516174316
1726869632045511509,-0.0033235767116447158,-0.023836713819139047,0.006257295486589026,-0.00045895850053057075,-0.007636547554284334,0.0014997811522334814,-0.3057977855205536,0.5767083764076233,-8.433377265930176
1726869632084120914,-0.006209579696127338,-0.02404598295189822,0.004884958201051138,-0.04893971607089043,0.008559129200875759,-0.026720035821199417,-0.08456626534461975,-0.008386303670704365,-9.76768970489502
1726869632123835051,-0.004504148810155878,-0.02304879511530742,0.003445148378053533,0.036021050065755844,0.020731419324874878,-0.039998725056648254,0.020182505249977112,0.037926219403743744,-9.947755813598633
1726869632164270540,-0.0034520434182136062,-0.023522257405113697,0.001912593945313547,0.030999397858977318,-0.015002100728452206,-0.033802129328250885,0.15120509266853333,0.08454886823892593,-9.422592163085938
1726869632203618754,-0.0018636818772622573,-0.024990498222702086,0.0007021427280584021,0.03534746170043945,-0.03744861111044884,-0.0350835807621479,-0.12328550964593887,0.20562084019184113,-10.3252592086792
1726869632248866373,3.47522989177805e-05,-0.02536444118681047,-0.0007519721698304015,0.0400729700922966,-0.00875962246209383,-0.03416642174124718,-0.14523592591285706,0.06495268642902374,-10.216486930847168
1726869632284426545,7.113439667065541e-06,-0.024849604207446453,-0.0022742747689882908,4.607918162946589e-05,0.005211460869759321,-0.03810875490307808,-0.5768870711326599,0.20597605407238007,-9.418386459350586
1726869632324446100,0.00011098291699713844,-0.024424635277802243,-0.004096984693309185,0.028847506269812584,0.005122202914208174,-0.04515392333269119,-0.7738065123558044,0.7223296761512756,-15.492195129394531
1726869632364051024,-0.003386431312856801,-0.02060488827317717,-0.008224963879101597,-0.16965976357460022,0.12373897433280945,-0.10732586681842804,-1.3808410167694092,0.3341105580329895,-6.618663787841797
1726869632404166597,-0.01051244867339152,-0.018773265113462605,-0.0117962365486171,-0.17208942770957947,0.0073491428047418594,-0.0674910843372345,0.2378234714269638,-0.43548446893692017,-7.3341827392578125
1726869632448720724,-0.00831572486352439,-0.020378305604959648,-0.011137485363339429,0.039909008890390396,-0.0247458815574646,0.00734602240845561,-0.07456851750612259,0.13880549371242523,-9.331589698791504
1726869632485317187,-0.008924175392193588,-0.020395407667614853,-0.01039624318079289,-0.00023439906362909824,0.0009543702472001314,0.018407264724373817,-0.5477073788642883,-0.26583942770957947,-8.898689270019531
1726869632524805640,-0.008309345027292588,-0.01983687538097837,-0.008582353731245374,0.012321500107645988,0.013310623355209827,0.04509474337100983,-0.1574430912733078,0.07320065796375275,-10.447349548339844
1726869632564212830,-0.00996497130928337,-0.020791696249382343,-0.007457971565745032,-0.046272993087768555,-0.035278115421533585,0.028633495792746544,-0.788467526435852,-0.22930727899074554,-6.756675720214844
1726869632604080660,-0.012270778512357524,-0.022888492808823425,-0.0058903694342512065,-0.028220999985933304,-0.03716665506362915,0.03967897593975067,-0.3192645311355591,0.05078040808439255,-10.066313743591309
1726869632649244141,-0.01222676039314306,-0.022667303557381505,-0.004678964644895541,0.00671372190117836,0.01037388201802969,0.03190667927265167,-1.1124101877212524,0.31383228302001953,-9.91580867767334
1726869632684839000,-0.010828295576053427,-0.02210980785236168,-0.0035367012255059405,0.025991661474108696,0.015329796820878983,0.02885831519961357,-0.5946598649024963,-0.005954646039754152,-9.926108360290527
1726869632724440303,-0.012469947517727068,-0.022885824978003795,-0.0017988682383271097,0.002645778702571988,0.005766081623733044,0.05133615806698799,0.5094196796417236,-0.6222123503684998,-15.82568073272705
1726869632764206734,-0.005339795292644255,-0.017986048296954577,0.0013365746189653383,0.14439158141613007,0.06768418103456497,0.06719060242176056,-0.4585069715976715,-0.0392807312309742,-9.975013732910156
1726869632804223074,-0.0024941312088772056,-0.019684693363091046,0.0008072853219510023,0.05541236698627472,-0.03898895904421806,-0.015618564561009407,-0.14893653988838196,0.10441131889820099,-7.968683242797852
1726869632844873717,-0.0013333161730192343,-0.020457628955098003,1.2397766438266662e-05,0.050426654517650604,-0.005339335650205612,-0.01518308836966753,-0.3344215154647827,0.4349287152290344,-10.024767875671387
1726869632884622060,0.0017032361126564088,-0.020476466434570684,-0.0005605221259416259,0.05051511898636818,-0.008468817919492722,-0.020470067858695984,0.21461506187915802,0.12803904712200165,-8.423027038574219
1726869632926519629,0.0007854114586449128,-0.022232424106757243,-0.0010695457580654267,0.0005721553461626172,-0.04280184581875801,-0.008240080438554287,0.20174893736839294,0.14479593932628632,-8.383708953857422
1726869632964214209,0.00081172222838513,-0.024739947836979876,-0.001220464676292228,-0.0101211778819561,-0.06663838773965836,-0.009266483597457409,-0.013136668130755424,-0.034207820892333984,-10.426515579223633
1726869633004248208,0.0007024780108236896,-0.026441964276741954,-0.0016379356882823767,0.00814888346940279,-0.031171495094895363,-0.005669961217790842,-0.3029101490974426,0.08605045825242996,-10.065077781677246
1726869633044862830,0.001443476871058302,-0.026325688291928717,-0.0020353794172642144,0.01800062321126461,-0.00034590080031193793,-0.012838281691074371,-0.5960527658462524,0.06781858950853348,-10.699116706848145
1726869633084237053,-0.0038690029570275153,-0.021841090954917475,-0.003294706616803742,-0.12420956045389175,0.11770445108413696,-0.03240123763680458,1.4597564935684204,1.0990487337112427,-17.72037124633789
1726869633124311022,0.0035547503842521568,-0.026175561320813348,-0.006443023741785557,0.09508718550205231,-0.12307063490152359,-0.08512319624423981,0.6992241144180298,0.4654323160648346,-6.380124568939209
1726869633164037325,0.0025493539512128796,-0.026999039347072495,-0.007776975771050327,0.016519764438271523,-0.0053142220713198185,-0.028922107070684433,0.5827552676200867,-0.19105298817157745,-6.752110958099365
1726869633205739903,0.0019341067585673096,-0.025596365006074314,-0.0078024863192252165,-0.0005965052987448871,0.03164411708712578,-0.0029833714943379164,-0.0023887744173407555,0.3431066572666168,-10.4641695022583
1726869633244303786,0.0034452711638783174,-0.02555873514752286,-0.00704169269897087,0.052469417452812195,-0.004798063077032566,0.019736362621188164,0.06207093596458435,-0.024393700063228607,-10.27126693725586
1726869633286154598,0.004702725270853006,-0.02583019599796034,-0.005979776095169559,0.0044680009596049786,-0.003821184393018484,0.020202679559588432,-0.21113863587379456,0.23024581372737885,-9.416753768920898
1726869633324395920,0.0025872639519384172,-0.02746547054846659,-0.00536417920727401,-0.06346245855093002,-0.0493599995970726,0.018926365301012993,-0.021661585196852684,-0.1651168167591095,-10.979917526245117
1726869633363894671,0.0005001081149364737,-0.02885279274460239,-0.004456043075797894,-0.03941754624247551,-0.02403947338461876,0.02208271436393261,-0.2850547432899475,-0.4653337001800537,-9.137076377868652
1726869633403891404,0.0011308893369157457,-0.028034685300543788,-0.0037410259671968207,0.02226460538804531,0.025243816897273064,0.018587052822113037,-0.9052562713623047,-0.20573174953460693,-9.916023254394531
1726869633450384726,0.004458183034753931,-0.025848509987633585,-0.002769231694961418,0.13851138949394226,0.07943004369735718,0.023827701807022095,-0.3909618556499481,0.31726759672164917,-11.531904220581055
1726869633484488107,0.001287041527315956,-0.020789028640151315,-0.0010228156893525339,-0.28220996260643005,0.025428881868720055,0.047544270753860474,-0.7569473385810852,-0.7161912322044373,-10.370285034179688
1726869633524216702,-0.007497664501130603,-0.024590579838604687,0.0014271735755147926,-0.0904955267906189,-0.03120112419128418,0.051827289164066315,-0.06583242118358612,0.831956684589386,-8.573684692382812
1726869633563922131,-0.0070813142677225716,-0.020040420624622433,0.0015082360480724564,0.008347277529537678,0.10512678325176239,-0.005060126073658466,-0.0008158887503668666,-0.06952393054962158,-7.55625581741333
1726869633603670202,-0.008723429074956232,-0.018032771054528482,0.0004618167853480151,-0.04701261967420578,0.04808226227760315,-0.018539827316999435,-0.12812606990337372,-0.12827597558498383,-10.256110191345215
1726869633651075441,-0.008425028267835892,-0.01698438397477042,-0.0005760192911155095,-0.005961481016129255,0.03223639726638794,-0.027777299284934998,-0.1784830242395401,0.07952568680047989,-10.1111478805542
1726869633684471128,-0.005520766786872207,-0.015116295283336297,-0.0016484260164626664,0.07115764915943146,0.0477215051651001,-0.025965211912989616,-0.0833883285522461,0.3188174366950989,-9.605643272399902
1726869633723527002,-0.0050573877341501625,-0.013366744526893572,-0.0026447771757401746,0.008079630322754383,0.0336565300822258,-0.025204986333847046,-0.573582112789154,0.22373783588409424,-10.308073997497559
1726869633764181332,-0.005883192904158597,-0.012852860913608944,-0.0037317275042120595,-0.013935615308582783,0.02006611041724682,-0.025955382734537125,-0.16404978930950165,0.06027781963348389,-9.41856861114502
1726869633804005941,-0.005391884010257085,-0.011904972269122432,-0.00434970903054777,0.003506323555484414,0.025948701426386833,-0.017169838771224022,-0.5447080135345459,0.038830555975437164,-9.293900489807129
1726869633849916102,-0.006458697685978334,-0.011787154706609721,-0.005185127485043193,-0.017593497410416603,0.0019226233707740903,-0.022418294101953506,-0.47122225165367126,0.2271413803100586,-12.55182933807373
1726869633884451107,-0.013991166803746331,-0.006707892658955874,-0.007194995455682105,-0.22097240388393402,0.1604793220758438,-0.0537089928984642,-1.7018401622772217,-0.7375931143760681,-22.17804527282715
1726869633924676742,-0.0024942273904590266,-0.009070055788073596,-0.010643005351538266,0.20763754844665527,-0.06620103865861893,-0.09063602238893509,0.16150838136672974,0.7180039286613464,-5.6392130851745605
1726869633964257360,0.0002113806591953312,-0.0073128092877564185,-0.011685609608557631,0.07173753529787064,0.0527719222009182,-0.021000107750296593,0.30716729164123535,-0.25858238339424133,-6.650284290313721
1726869634004047964,-0.001786149093299612,-0.004670093498870871,-0.010541915683702488,-0.012819970957934856,0.06126166880130768,0.024886973202228546,-0.1393362283706665,-0.19128960371017456,-9.463555335998535
1726869634049602260,0.0002521670123217843,-0.0038299334514814284,-0.008956432610651047,0.03295489028096199,0.016456658020615578,0.04131549224257469,-0.12406029552221298,-0.19257758557796478,-9.608781814575195
1726869634084630407,-0.0011755567971786748,-0.0038917800107052427,-0.007111787599519289,-0.04403494670987129,0.004588515032082796,0.04244782030582428,-0.09299623966217041,0.07941853255033493,-9.136913299560547
1726869634124429888,-0.0022143516628836445,-0.004036764669065305,-0.005558729547787631,-0.01772083155810833,-0.010205678641796112,0.04061511531472206,-0.5995534658432007,0.013753331266343594,-9.264405250549316
1726869634163888445,-0.004641177240656746,-0.0037762934766981137,-0.003895521111265081,-0.061436768621206284,0.027432125061750412,0.040812209248542786,0.03806532919406891,-0.4862503111362457,-8.561732292175293
1726869634203719895,-0.004380104054080875,-0.0018571431239353367,-0.002259493051639392,0.013162292540073395,0.03415315970778465,0.04310707002878189,-0.6856929063796997,0.00833684578537941,-8.77202320098877
1726869634254588910,-0.0018716125805977642,-0.001584706538522576,-0.000862598481882546,0.034354571253061295,0.0074226753786206245,0.034327831119298935,-0.4064483344554901,-0.0905553326010704,-9.900816917419434
1726869634284621594,-0.003027080863637403,-0.0018212243733830202,0.0010077953143891058,-0.022168461233377457,-0.009408801794052124,0.05284184217453003,0.7476016879081726,-0.3193758428096771,-18.533405303955078
1726869634324650552,-0.0051793040053325435,0.002455108969024209,0.004167079742229027,-0.027896258980035782,0.08755078166723251,0.07329310476779938,-0.7798999547958374,0.29915326833724976,-9.736897468566895
1726869634364463103,-0.0063042337798066336,0.00466777421864993,0.0040476321598035755,-0.025860095396637917,0.04523767530918121,-0.007505382876843214,0.2557256519794464,0.2874591648578644,-7.451412677764893
1726869634405663825,-0.006092875555983736,0.0044506495927055,0.002619743501128589,-0.007871835492551327,0.007427570875734091,-0.029783152043819427,0.07067317515611649,0.12648995220661163,-9.224165916442871
1726869634454908852,-0.00545634724481424,0.005226801063249718,0.0011246203548452285,0.03118373639881611,0.017067264765501022,-0.04001174494624138,-0.020685749128460884,0.11197488754987717,-10.180851936340332
1726869634483951218,-0.005068264136451702,0.00465167485454938,-0.0005881786422413793,-0.002378680743277073,-0.015656234696507454,-0.04132124036550522,0.16155213117599487,-0.019229847937822342,-10.07683277130127
1726869634524233221,-0.004545536137220734,0.0044177287506703845,-0.0017814637218715567,0.011786358430981636,-0.01340281218290329,-0.0306363794952631,-0.6757458448410034,0.08080106228590012,-10.81633472442627
1726869634564192891,-0.004315528435031668,0.004833243274525472,-0.003301143907702182,-0.0021395450457930565,0.019198544323444366,-0.038018371909856796,-0.596283495426178,0.040854521095752716,-9.087121963500977
1726869634604346127,-0.00589196433875572,0.005405690801545897,-0.00466012958601467,-0.03909534588456154,0.011728429235517979,-0.035074383020401,-0.5887289643287659,1.6232314010267146e-05,-10.139740943908691
1726869634647224942,-0.007866141050828588,0.007188007758936691,-0.00601744673399588,-0.04625639319419861,0.04259172081947327,-0.034058086574077606,-0.5395534038543701,-0.019722284749150276,-9.917999267578125
1726869634684105092,-0.007172337623209835,0.00820235493975791,-0.007519721789509482,0.03748973831534386,0.028719481080770493,-0.043920062482357025,0.6223137974739075,1.496953010559082,-13.432971000671387
1726869634724467854,-0.008447337463672357,0.011016329504919417,-0.010192633678636431,-0.017096107825636864,0.059623152017593384,-0.06287987530231476,0.412927508354187,-0.9166994094848633,-6.973194599151611
1726869634764430518,-0.007863298625079873,0.011713503321093822,-0.009677886567160033,0.02314986102283001,0.0018739167135208845,0.016197456046938896,0.43853747844696045,0.06273284554481506,-7.783975124359131
1726869634805545567,-0.007145830925543033,0.010603250693112829,-0.0082955353051945,0.004893144592642784,-0.02391456626355648,0.029689043760299683,0.04408113285899162,0.08109000325202942,-7.764001846313477
1726869634851821759,-0.007319656162847483,0.009814790361309786,-0.006837844407123248,-0.008118023164570332,-0.01764567941427231,0.04144793003797531,0.35290074348449707,0.07854368537664413,-9.408197402954102
1726869634884747716,-0.008522289730321587,0.010267996331999468,-0.004974603327526199,-0.02150891162455082,0.0064814346842467785,0.040849365293979645,-0.3332618474960327,0.07799787819385529,-10.18281078338623
1726869634924697176,-0.008293636068814562,0.009497804095357703,-0.0035603047232527813,0.0023822535295039415,-0.030546067282557487,0.039167992770671844,-0.0444500669836998,0.030987195670604706,-11.019850730895996
1726869634964206470,-0.009588508566656018,0.010400895438527133,-0.001909017686978925,-0.019013231620192528,0.03305835276842117,0.03874664008617401,-0.28840696811676025,0.6945793032646179,-6.896149158477783
1726869635003721862,-0.007894656939938459,0.011093816894401842,-6.46114363719288e-05,0.04124399274587631,0.01913684420287609,0.045886602252721786,-0.6380967497825623,-0.17958880960941315,-7.799427032470703
1726869635046664853,-0.006562776293604612,0.011874857556391652,0.0016522407879911067,0.024371474981307983,0.02037840522825718,0.04613126441836357,-0.5637354850769043,0.15209496021270752,-10.557230949401855
1726869635083973483,-0.006463307360221515,0.012298923650475224,0.004741430613892607,0.03774796798825264,0.05533292517066002,0.08710701018571854,3.8074376583099365,1.575539469718933,-13.29639720916748
1726869635124063747,-0.0022381200115981015,0.020094466432843502,0.009023189641727821,0.05373547226190567,0.12417381256818771,0.09770140796899796,-0.005525069311261177,-0.5180768966674805,-7.257040977478027
1726869635164009475,-0.0026744665040776034,0.018682099065711777,0.009331942407077982,-0.019669005647301674,-0.033360064029693604,0.003668454708531499,0.297012060880661,-0.18765409290790558,-9.057920455932617
1726869635205388795,-0.002184955240258194,0.016383346809103663,0.008516311810879414,0.027395127341151237,-0.04527813568711281,-0.01398629229515791,0.3257204294204712,0.06858403235673904,-10.357985496520996
1726869635251474449,0.0029590289675734344,0.014555609001170195,0.007534980918281011,0.11684654653072357,-0.048456110060214996,-0.029047513380646706,0.3096170723438263,-0.16246309876441956,-9.820746421813965
1726869635284252018,0.003634549552797998,0.012639677643692027,0.006201505684504179,0.011632593348622322,-0.039775535464286804,-0.028403449803590775,0.3924298584461212,-0.10303852707147598,-9.7016019821167
1726869635323940064,0.004186430684622621,0.011848863071947139,0.005634546065890224,-0.0032813544385135174,-0.031624674797058105,-0.016113176941871643,0.1926012933254242,0.24242395162582397,-10.043237686157227
1726869635364235864,0.0016519287749042514,0.011754530883001319,0.004542351142121533,-0.05878640338778496,-0.0017549218609929085,-0.024072086438536644,-0.47970321774482727,-0.6487230062484741,-8.64130687713623
1726869635407446695,0.0012268174106999292,0.01149700579542631,0.0036799907398876695,-0.006181147415190935,0.011108356527984142,-0.026436662301421165,-0.4885944426059723,-0.20874495804309845,-10.19751262664795
1726869635448882833,0.0017553840736984354,0.012072982155597697,0.0025792121622484356,0.003618588438257575,0.007929696701467037,-0.02520221844315529,-0.4394451379776001,-0.09238073974847794,-10.248916625976562
1726869635484460112,0.001323339936499458,0.011902145721711577,0.000904083202332779,-0.03684531897306442,0.014527714811265469,-0.051495905965566635,1.4236010313034058,0.9738756418228149,-17.604610443115234
1726869635524306544,-0.005492389854289851,0.019458942794557996,-0.0026135443890655573,-0.12388057261705399,0.13730917870998383,-0.0834481418132782,-1.6267063617706299,0.6465708017349243,-8.021233558654785
1726869635564209112,-0.006493574114454786,0.018330836904938315,-0.0023009778147936497,0.01392166968435049,-0.006949316244572401,0.012237884104251862,0.4230958819389343,-0.05715338885784149,-8.951224327087402
1726869635607972271,-0.005393584503902358,0.0162129505044299,-0.0006153583847240263,-0.008575019426643848,-0.052303336560726166,0.03735434263944626,0.3634037971496582,0.055553313344717026,-8.468575477600098
1726869635651375812,-0.006478336327747001,0.015185572282191195,0.0010235309287114594,-0.02740505523979664,-0.019011523574590683,0.04506189748644829,0.45781102776527405,0.502621591091156,-7.842899799346924
1726869635684365963,-0.008899183191790148,0.015245164167410561,0.003303528057018899,-0.04288683086633682,-0.0059190127067267895,0.04942113906145096,0.03991827368736267,0.24237781763076782,-11.422557830810547
1726869635724189614,-0.00921409198613437,0.014385556423282377,0.004953860893301659,-0.01103933248668909,-0.03314164653420448,0.04553447291254997,-0.04325960576534271,-0.008646505884826183,-11.044349670410156
1726869635763879564,-0.01023805270506085,0.014232412114770488,0.006871938207324208,-0.019680479541420937,0.008544872514903545,0.0447525829076767,-0.15051640570163727,0.8654596209526062,-10.285685539245605
1726869635806669803,-0.009335035702247895,0.014772915835610818,0.008759260014879637,0.01930682361125946,0.01392489206045866,0.04878105968236923,-0.3512355387210846,0.09769243746995926,-8.936341285705566
1726869635847319843,-0.00840530291016211,0.015391465085512588,0.010449648290080101,0.017745131626725197,0.009898613207042217,0.04382080212235451,-0.4770828187465668,-0.03011457249522209,-9.914151191711426
1726869635883746357,-0.011721064720905835,0.013391894746176995,0.013083219255139047,-0.09324941039085388,-0.047162193804979324,0.07274758815765381,2.9614145755767822,-0.5414732694625854,-16.472427368164062
1726869635924017305,-0.005480148501496219,0.019772853501795095,0.01696181430427847,0.0947425365447998,0.1011253297328949,0.0929650068283081,-1.4275239706039429,-0.26851046085357666,-10.806644439697266
1726869635964440247,-0.004474744275290756,0.017850303241868544,0.01689529360390668,0.021719954907894135,-0.04282211512327194,-0.007501490414142609,0.5475459694862366,0.40972191095352173,-8.11087417602539
1726869636006002925,-0.004880864830250124,0.015878509396375532,0.01560354311255283,0.006210343912243843,-0.03412807732820511,-0.025376683101058006,0.03169757500290871,-0.0042867460288107395,-10.703969955444336
1726869636044211623,-7.01891363087747e-05,0.014395713594683793,0.014509439094724333,0.11016809195280075,-0.03581592068076134,-0.030531642958521843,0.3320483863353729,0.31062406301498413,-8.383051872253418
1726869636084067302,0.0017311632577906772,0.012925219026771071,0.013201713867078895,0.04040120914578438,-0.030601942911744118,-0.026846030727028847,0.785915732383728,0.07995801419019699,-10.910934448242188
1726869636123954652,0.0025743779104112855,0.012277663162418434,0.01277637515192734,0.012433378957211971,-0.029848303645849228,-0.01375498715788126,0.12722426652908325,0.4084119498729706,-7.533028602600098
1726869636164105374,0.0015819416229441107,0.012333893162723916,0.011716604481105636,-0.021433373913168907,0.004037619102746248,-0.02347518689930439,-0.5629284977912903,-0.5631542205810547,-9.779443740844727
1726869636206350679,0.001506022413111202,0.011848054605510038,0.010775805660678128,-0.005394484847784042,0.0003707634750753641,-0.02728845924139023,-0.3756037652492523,-0.19493074715137482,-9.117347717285156
1726869636246331757,0.0018757145970663574,0.01253783415152154,0.009540081540396116,0.004006325267255306,0.011167827062308788,-0.02903713472187519,-0.37402865290641785,-0.017974868416786194,-10.121423721313477
1726869636284006083,0.0036719418334921995,0.01195533521570485,0.007597446318027572,0.04164634644985199,-0.015573162585496902,-0.05713072791695595,0.9540996551513672,0.9467739462852478,-19.52457618713379
1726869636323912976,-0.0036589846015064797,0.019871492385996732,0.003761768363532528,-0.12374183535575867,0.15101774036884308,-0.09325245767831802,-0.8528156876564026,0.1282656192779541,-9.33104419708252
1726869636363955156,-0.005516078044515809,0.018198066672668,0.0032916069951065808,-0.024537641555070877,-0.02315986342728138,-0.0025646910071372986,0.41624608635902405,-0.29961469769477844,-8.588973999023438
1726869636405150098,-0.003940123996836781,0.015082218716604956,0.004801273447761405,-0.0012901196023449302,-0.06872016191482544,0.0309575404971838,0.6695280075073242,-0.03900768607854843,-7.344165325164795
1726869636444377788,-0.005675577195272668,0.01312457248494891,0.0062098503582639205,-0.044537194073200226,-0.04074738547205925,0.03941492736339569,0.4914032518863678,-0.03218085318803787,-9.02710247039795
1726869636484088803,-0.007747286858120279,0.013454657791937977,0.008584500141309473,-0.037774913012981415,0.002406568266451359,0.05283700302243233,0.2054986208677292,-0.006605391390621662,-11.724874496459961
1726869636545731432,-0.007562915223169008,0.013007178775184243,0.010193586612824367,-0.0002965586318168789,-0.020550258457660675,0.04410439729690552,-0.29325246810913086,0.22878208756446838,-9.870919227600098
1726869636564388780,-0.00946687905267848,0.013215118446525217,0.0121064180935114,-0.03725515305995941,0.018390394747257233,0.046399764716625214,-0.41814371943473816,0.29824742674827576,-10.84462833404541
1726869636605807669,-0.008572591338819428,0.013779362599223322,0.0139787199681799,0.022232195362448692,0.011146362870931625,0.0474175326526165,-0.33181771636009216,0.26916077733039856,-9.455119132995605
1726869636651495637,-0.007114302484608294,0.014073371015038387,0.01563429822539451,0.022663595154881477,0.007633913308382034,0.04375813528895378,-0.43373534083366394,0.15356019139289856,-11.202768325805664
1726869636684809171,-0.010043197521104103,0.012509110608195676,0.0181212432565742,-0.09718906879425049,-0.05659813433885574,0.06806342303752899,2.9891624450683594,-0.5613784790039062,-15.734030723571777
1726869636723996998,-0.004496245745579127,0.01953123233224186,0.022356748130736716,0.08529610931873322,0.12549759447574615,0.102053202688694,-0.7802762985229492,0.9198319911956787,-3.404902219772339
1726869636763791809,-0.003968647335523543,0.017820633586913038,0.022911548777255028,0.008803804405033588,-0.038315512239933014,0.006504618562757969,0.3307386338710785,0.18390697240829468,-8.7168607711792
1726869636807416699,-0.003572727295867549,0.015162639845753912,0.021876813433288518,0.025781894102692604,-0.0529593862593174,-0.017555993050336838,0.441852867603302,-0.126570925116539,-8.125502586364746
1726869636846311680,0.0012263758874052108,0.013346988849819554,0.021000146918290306,0.11531877517700195,-0.05039546638727188,-0.025673912838101387,0.24466389417648315,0.2934979796409607,-8.50578498840332
1726869636883840814,0.002346440998532494,0.011223469516544229,0.019622085622490595,0.02086237445473671,-0.04443542659282684,-0.028829002752900124,0.4983573257923126,-0.3172305226325989,-10.86219310760498
1726869636924379210,0.00355264804052356,0.01087196361322283,0.019108770593828248,0.015241404063999653,-0.028981249779462814,-0.014464917592704296,-0.35529330372810364,0.16144375503063202,-10.116809844970703
1726869636964078951,0.0015167242091889534,0.010466292307001997,0.018047332820194696,-0.04674180969595909,-0.006634125020354986,-0.025247137993574142,-0.8511842489242554,0.3039872348308563,-9.444578170776367
1726869637004747733,0.001032127814737985,0.009904174043711416,0.017264604791998005,-0.006677872501313686,-0.00015338296361733228,-0.023467397317290306,-0.4463609457015991,-0.06424865126609802,-9.395936012268066
1726869637046084919,0.0011730419975584908,0.010668299132261421,0.01610994252765756,-0.0023256412241607904,0.009648493491113186,-0.026403013616800308,-0.2954200804233551,-0.015175944194197655,-9.51272964477539
1726869637083908707,0.0027616737503628613,0.009758315141771898,0.01478290491486083,0.06057747080922127,-0.041096508502960205,-0.03971206024289131,2.60581374168396,0.5282655358314514,-18.559951782226562
1726869637124099560,-0.005321751350712271,0.016649584237113855,0.011584519039146833,-0.1512650102376938,0.13922551274299622,-0.07750438898801804,-0.8804674744606018,-0.44639524817466736,-10.061567306518555
1726869637164207286,-0.006881620738730752,0.015937667160196872,0.011389017418764674,-0.026178771629929543,-0.011052412912249565,0.006217565853148699,0.6389334797859192,-0.4891965985298157,-7.553045272827148
1726869637208398711,-0.004704098528019741,0.01403013023401737,0.013206482347498483,0.016309641301631927,-0.04294390603899956,0.039487238973379135,0.1488112509250641,0.011337779462337494,-7.404377460479736
1726869637246570926,-0.006031389507759237,0.012670970720150004,0.014701842356730586,-0.028275949880480766,-0.027366705238819122,0.041669685393571854,0.3948751986026764,0.04222403094172478,-8.982379913330078
1726869637284096130,-0.007983179983962274,0.012806826135422032,0.017138480385223413,-0.03672968968749046,-0.0029800226911902428,0.05370518937706947,0.23626989126205444,0.14805178344249725,-10.300198554992676
1726869637324385520,-0.008392164669915849,0.012042314138802608,0.018685579598609125,-0.007786521688103676,-0.03079763986170292,0.04309511557221413,-0.12510307133197784,-0.05078760161995888,-10.634011268615723
1726869637363858551,-0.009690626675369098,0.011829368108930281,0.02063203102634576,-0.021321218460798264,0.005485437344759703,0.046051520854234695,-0.5950058698654175,-0.027946125715970993,-10.75711441040039
1726869637405954064,-0.00891469761364622,0.012544818099545116,0.022483588633484423,0.020260198041796684,0.01790635474026203,0.04750771448016167,-0.34261277318000793,0.33748453855514526,-8.94894790649414
1726869637445843778,-0.007867013966755638,0.013195463990155129,0.024048805797261503,0.018898945301771164,0.011903984472155571,0.04059780761599541,-0.5226944088935852,0.2346174418926239,-12.119804382324219
1726869637484559048,-0.010183411055323917,0.011500774260934536,0.026282072435566486,-0.08075030148029327,-0.05749514698982239,0.06158651411533356,3.14165997505188,-0.6435775756835938,-15.321612358093262
1726869637525103119,-0.0042567052358585015,0.018773599800426463,0.030218600724488846,0.09437325596809387,0.1340373307466507,0.09435255825519562,-1.6070897579193115,1.4045114517211914,-2.5302600860595703
1726869637564045653,-0.003873344044217725,0.01722155647927442,0.03074002371503364,0.010429359041154385,-0.03486669808626175,0.005046210717409849,0.33147263526916504,0.14993703365325928,-8.275404930114746
1726869637609097426,-0.004290673289226568,0.014729184559941513,0.029684783811834786,0.015786904841661453,-0.04789333418011665,-0.017708787694573402,0.46002981066703796,-0.08755192160606384,-8.017655372619629
1726869637646212006,0.00016850606841135204,0.013135599725339831,0.0288672468686751,0.105088971555233,-0.04410793259739876,-0.023880694061517715,0.2720423638820648,0.2864818871021271,-9.969892501831055
1726869637684638371,0.0028103104083625147,0.011866916465770433,0.027642727598682755,0.05835680663585663,-0.024926241487264633,-0.025713812559843063,0.7527641654014587,0.049484722316265106,-12.367825508117676
1726869637724186632,0.0035382373182339154,0.011683116187591354,0.027154921390464628,0.012921266257762909,-0.02021680772304535,-0.014786171726882458,-0.3847547173500061,0.3134070932865143,-9.36063289642334
1726869637763721955,0.002917279039209201,0.012057769491587962,0.026101111137596524,-0.0076363906264305115,0.01821274310350418,-0.024396907538175583,-0.9168841242790222,0.060354627668857574,-9.19494342803955
1726869637809210139,0.0027473108174544047,0.011898949284859498,0.02522945453128147,-0.005096485838294029,0.004815172869712114,-0.026124510914087296,-0.42356929183006287,-0.088058240711689,-9.271638870239258
1726869637846856229,0.002506411430427553,0.0126481891380799,0.02388358001952895,-0.005862660240381956,0.01543450728058815,-0.03461584821343422,-0.38358110189437866,-0.1229553371667862,-10.259847640991211
1726869637884288341,-0.0005882881635115883,0.01473701064073574,0.02107620228295823,-0.12589025497436523,0.07889437675476074,-0.08173017203807831,-0.5626428127288818,-0.4483228921890259,-14.369752883911133
1726869637924280897,0.003208381015388063,0.015984442416791828,0.014905452799593509,0.2012571096420288,-0.02820448949933052,-0.15765203535556793,1.18074631690979,-0.42956358194351196,-9.20185661315918
1726869637964675746,0.005096005711963621,0.012895460611301429,0.008805751832529489,0.07784254103899002,-0.04979690536856651,-0.13812041282653809,0.833103358745575,0.3070363402366638,-7.82305908203125
1726869638007300268,0.004457736608085767,0.012759052715641067,0.0046355723917391395,-0.025197895243763924,0.0034015532582998276,-0.10926671326160431,0.8281224370002747,0.1257391721010208,-9.711215019226074
1726869638043873615,0.003638136001431064,0.013466799683573045,-0.000264167789645886,3.0479168344754726e-05,0.005683384370058775,-0.12111727893352509,0.5036090016365051,0.048331424593925476,-9.059110641479492
1726869638083955610,0.005822297005762456,0.013573156822371413,-0.004566431226806786,0.04352327436208725,0.010841074399650097,-0.1101878210902214,0.500549852848053,0.24014265835285187,-9.744759559631348
1726869638124160168,0.005568937688138297,0.014580373982438036,-0.010074853056349186,-0.006577001418918371,0.011679588817059994,-0.13616347312927246,-0.5785862803459167,0.014953862875699997,-10.468223571777344
1726869638163880892,0.004836740926540966,0.014515109436709472,-0.01575279166256079,-0.009934686124324799,0.016567418351769447,-0.14417630434036255,-0.871873676776886,-0.13225939869880676,-8.604296684265137
1726869638206669714,0.0041968888293809825,0.015381957006850742,-0.02194476275037314,-0.010768710635602474,0.025631610304117203,-0.1517478972673416,-0.3741357624530792,0.1338399052619934,-9.06929874420166
1726869638246155779,0.005292106922031801,0.017399481076859506,-0.027851581494323787,0.023669183254241943,0.04824024811387062,-0.14434301853179932,-0.6062648892402649,0.06203847751021385,-11.633042335510254
1726869638284447992,0.010539382752264901,0.02349978718378227,-0.03205180433516135,0.08505799621343613,0.167348250746727,-0.0989893451333046,0.564360499382019,-1.2136788368225098,-8.777816772460938
1726869638324747728,-0.0017219568047700175,0.023904733965354336,-0.03441691337529545,-0.1714356392621994,0.01190251111984253,-0.07783377915620804,1.54857337474823,-0.7734359502792358,-8.823166847229004
1726869638364065062,-0.005232588577758311,0.025970556658895895,-0.04021715991363536,-0.06856883317232132,0.05197146534919739,-0.14623220264911652,0.5526371002197266,-0.4646512269973755,-9.678354263305664
1726869638416593510,-0.0054349441470055385,0.027278101158563245,-0.047131303242616975,-0.011836543679237366,0.025027988478541374,-0.1648043841123581,0.6930049657821655,-0.1859443634748459,-10.383758544921875
1726869638444305956,-0.003759421135892323,0.025521770845787044,-0.053969146890723234,0.03387697413563728,-0.0379413403570652,-0.17308248579502106,0.6662023067474365,0.10662577301263809,-10.85476303100586
1726869638484542055,-0.00369867363868022,0.025540703064699573,-0.060956717580806445,0.009321863763034344,0.003707277122884989,-0.1717880368232727,-0.12623842060565948,0.19144199788570404,-8.822421073913574
1726869638524191038,-0.005473787659764226,0.025582359252162973,-0.06776141401390981,-0.06073589622974396,0.02060895971953869,-0.1730278730392456,0.2936015725135803,-0.1307135969400406,-9.656301498413086
1726869638564054650,-0.008589661818125243,0.026520668398337614,-0.07455611155983571,-0.06205151602625847,0.01290448009967804,-0.1725442260503769,-0.15362972021102905,0.4578833281993866,-10.806970596313477
1726869638605763654,-0.010015350015702721,0.029245314140635692,-0.08133220675760978,-0.019680680707097054,0.06194664537906647,-0.16780918836593628,-0.856787383556366,0.13785479962825775,-13.282212257385254
1726869638644178222,-0.009104897605208063,0.03098178408508378,-0.08803773742285584,0.023128673434257507,0.042584337294101715,-0.17515558004379272,1.580249547958374,0.5680282711982727,-14.254416465759277
1726869638684641405,-0.009244790620326,0.03456094536106875,-0.09646534393747982,0.017193157225847244,0.08598868548870087,-0.2052520364522934,0.38391315937042236,-0.013920074328780174,-6.612832069396973
1726869638724594783,-0.006843334022596453,0.03691363816585265,-0.10180687550723973,0.04588019847869873,0.055737074464559555,-0.13182225823402405,0.3118593990802765,-0.16267059743404388,-8.247759819030762
1726869638768177325,-0.004434946425191822,0.037549563381014214,-0.10677552357991806,0.05347472429275513,0.01219441369175911,-0.1264657825231552,0.5471059083938599,0.04886690899729729,-10.03856086730957
1726869638804319886,-0.004865589020945848,0.036930883272852044,-0.11099482011656177,-0.013615782372653484,-0.002213770989328623,-0.10084494203329086,0.4134991765022278,-0.1352664828300476,-10.723319053649902
1726869638843957733,-0.006542800390760505,0.037530416996617605,-0.1145250831818076,-0.023722028359770775,0.009387107565999031,-0.09110675007104874,-0.03329677879810333,-0.09205526858568192,-11.104510307312012
1726869638884343619,-0.007574833282030407,0.03634921869618705,-0.11756372105976291,-0.032786477357149124,-0.024519160389900208,-0.07622236758470535,0.33937856554985046,-0.17609703540802002,-11.424188613891602
1726869638924253010,-0.008823010507857944,0.03666545677723056,-0.12028193545485391,-0.044840630143880844,0.0025532080326229334,-0.07283417880535126,0.17663855850696564,-0.08434084057807922,-10.59314250946045
1726869638963783893,-0.00917698720474995,0.03778772113600652,-0.12279368002609307,-0.006243129260838032,0.02270459569990635,-0.05965650454163551,-0.28930312395095825,-0.027312500402331352,-8.98194408416748
1726869639009946852,-0.010045171649097517,0.0394940972552028,-0.12366390366690308,-0.04767822474241257,0.07038260251283646,-0.014899912290275097,0.9479338526725769,1.5185363292694092,-12.739831924438477
1726869639044046158,-0.015541590370356913,0.043028920780678985,-0.12263632224838512,-0.11050541698932648,0.07082445174455643,0.008597264066338539,0.6561246514320374,1.1138465404510498,-4.889170169830322
1726869639084905820,-0.018019470380143305,0.043071455512824625,-0.12528156838824797,-0.023517530411481857,0.005947403609752655,-0.06833557784557343,0.9722155928611755,0.1911430060863495,-9.790811538696289
1726869639124214136,-0.017497758261015055,0.04380316728973032,-0.12788798461974651,0.02645370177924633,0.012512115761637688,-0.05909702926874161,0.6235776543617249,0.11886309087276459,-8.79384994506836
1726869639164170046,-0.012526632679844938,0.0428655263298461,-0.13122723943129436,0.1078176274895668,-0.01299962867051363,-0.08133856952190399,0.48756879568099976,0.47227632999420166,-11.121840476989746
1726869639208996994,-0.008401785938582644,0.04219874139987791,-0.1345059875675284,0.1178937777876854,-0.024761226028203964,-0.07620029896497726,-0.4067225158214569,0.25866585969924927,-9.958294868469238
1726869639244720807,-0.006987675328509068,0.04074950524873424,-0.13851261074055501,0.03106383979320526,-0.014892874285578728,-0.10072825103998184,0.34897732734680176,0.18833644688129425,-8.323273658752441
1726869639284112285,-0.006896144908063237,0.04234206247648371,-0.1430268288722129,0.0011908849701285362,0.0337815023958683,-0.11391235142946243,-0.6198176741600037,0.17790095508098602,-9.3359956741333
1726869639323963232,-0.0091382773121511,0.04466076931104638,-0.14760543057408645,-0.0385754369199276,0.05611207336187363,-0.1134582981467247,-0.5402174592018127,0.0367974154651165,-11.08161735534668
1726869639363847360,-0.009352850411763314,0.04840854068006883,-0.15285443899893913,0.02596627175807953,0.109649658203125,-0.13754433393478394,-0.1731373518705368,0.10943912714719772,-13.334872245788574
1726869639410078373,-0.006130389441396653,0.05049431744006035,-0.15863109719183097,0.07272367924451828,0.0360577218234539,-0.1264917105436325,1.594162106513977,0.6909511685371399,-7.003721237182617
1726869639444465775,-0.007124603794691194,0.04947578853136734,-0.16041135348063665,-0.030116114765405655,-0.03330745920538902,-0.050996359437704086,0.6338498592376709,-0.39450308680534363,-8.520505905151367
1726869639483905688,-0.00841433857193872,0.0464914589821688,-0.16216467010909838,-0.03840668871998787,-0.06895086914300919,-0.04468745365738869,0.05662647634744644,-0.08473724126815796,-7.316461086273193
1726869639523864809,-0.007936666255882519,0.045423872782408746,-0.16247558831531803,0.010997074656188488,-0.01549595408141613,-0.00729399872943759,0.6122447848320007,0.3121058940887451,-9.434255599975586
1726869639564161302,-0.007024046218111625,0.04538413895155108,-0.16301537135653868,0.027438445016741753,-0.01503994595259428,-0.012884045951068401,-0.0042701605707407,0.13116998970508575,-8.497754096984863
1726869639609347374,-0.006875298110033935,0.04495236947155008,-0.16293599758618346,0.009920286014676094,0.0013596327044069767,0.0016634251223877072,-0.8711485266685486,0.5321583151817322,-8.881845474243164
1726869639643624613,-0.007898764734202155,0.045342015525068835,-0.16295291300309736,-0.014243671670556068,0.028765501454472542,0.001576620852574706,-0.8623223304748535,0.18703977763652802,-8.768439292907715
1726869639684003875,-0.006164655322866163,0.04673856649915512,-0.1632356610530741,0.03973717987537384,0.030650010332465172,-0.004706898238509893,-0.38856372237205505,0.5202316641807556,-7.63056755065918
1726869639723979937,-0.016367750986687957,0.04169621324142616,-0.16236017582985826,-0.21339517831802368,-0.099651038646698,0.022763628512620926,5.0914788246154785,0.9465000033378601,-16.264570236206055
1726869639764087838,-0.000547960504537226,0.05425932054877452,-0.16068601857621895,0.1987641602754593,0.21757309138774872,0.051171690225601196,-2.357006072998047,1.0821657180786133,-12.17029857635498
1726869639808029590,0.0005798772398009258,0.05340105910782112,-0.16208767261983129,0.040595944970846176,-0.012128615751862526,-0.03681669011712074,0.6750361323356628,0.1994941681623459,-8.564826011657715
1726869639844019670,0.0018386590039035833,0.050234597250990345,-0.16285468046733884,0.0694013237953186,-0.06357824057340622,-0.010761303827166557,0.1275174915790558,-0.254594087600708,-8.662147521972656
1726869639884237608,0.011173332195639773,0.04762848191310605,-0.16368412793892473,0.2033081203699112,-0.0600246787071228,-0.014568512327969074,0.7762040495872498,0.26529717445373535,-9.29826831817627
1726869639924245384,0.014162868767167451,0.046560450198544094,-0.16447996548761845,0.08093047887086868,-0.033402130007743835,-0.014077131636440754,0.5863729119300842,-0.25405511260032654,-9.129486083984375
1726869639963978908,0.014073892820764522,0.044188131507136796,-0.1649885210634907,-0.025387166067957878,-0.06333592534065247,-0.014526096172630787,0.4923534393310547,0.11792714148759842,-9.887480735778809
1726869640009161986,0.01048890958177524,0.041685060023077425,-0.1660897630965486,-0.05718863382935524,-0.07426000386476517,-0.027128655463457108,0.03394969180226326,-0.2691376507282257,-10.525322914123535
1726869640044530480,0.009549348381237121,0.040666960833766565,-0.1675026292982517,-0.01259961910545826,-0.027442224323749542,-0.03588898479938507,0.10150402039289474,-0.4357638359069824,-9.353121757507324
1726869640084820182,0.01620218572473734,0.03732055413309846,-0.16925263007194902,0.23254548013210297,-0.14071035385131836,-0.034476544708013535,1.6759347915649414,1.093301773071289,-13.273362159729004
1726869640124316416,0.0031830982556006584,0.041904838720901595,-0.172616256799207,-0.3344542384147644,0.14642484486103058,-0.0885801762342453,0.09003684669733047,-0.2313525378704071,-7.9001007080078125
1726869640164230416,-0.0057682233967244,0.03956646549534425,-0.17394138022848368,-0.21916095912456512,-0.07334239035844803,-0.021107520908117294,0.6933530569076538,-0.15530912578105927,-9.557883262634277
1726869640209069403,-0.006182893072762016,0.034105845084210204,-0.17271352207029522,-0.03838050737977028,-0.13326598703861237,0.02006680890917778,0.677402675151825,0.15393684804439545,-10.508719444274902
1726869640245093389,-0.006962360857761022,0.030672556770255627,-0.17171264650535978,-0.025324437767267227,-0.07820842415094376,0.025328215211629868,0.6133971214294434,-0.058726273477077484,-9.047571182250977
1726869640284045789,-0.009249479997887888,0.028984633895610495,-0.16973496019028667,-0.05969381332397461,-0.044003330171108246,0.04362594336271286,0.6919634342193604,0.30724379420280457,-9.268980026245117
1726869640324305361,-0.009788673312050928,0.027255606688337205,-0.16857648533481562,-0.023056985810399055,-0.04760093614459038,0.031037431210279465,-0.10781784355640411,0.5072953701019287,-10.11695384979248
1726869640364072980,-0.011583862074150969,0.025793315349869502,-0.16669680186130809,-0.029247010126709938,-0.025323010981082916,0.045016881078481674,-0.5368822813034058,0.21284951269626617,-9.180652618408203
1726869640409352019,-0.011535595892292196,0.02440224971293226,-0.16464590111908442,0.0027928128838539124,-0.030635735020041466,0.0535820908844471,-0.26691490411758423,0.0776270180940628,-9.306171417236328
1726869640445225281,-0.009449909081721036,0.024935009677033,-0.16288731924389785,0.04658845067024231,0.009832377545535564,0.04595259204506874,-0.9388910531997681,0.18517491221427917,-13.371444702148438
1726869640483804610,-0.013362918470125355,0.021870168628539105,-0.16073896308968688,-0.13990776240825653,-0.10440418869256973,0.05478791519999504,4.043172359466553,-0.29293397068977356,-15.876972198486328
1726869640523809429,-0.006309443706146062,0.027821977241573263,-0.156487702292054,0.09654069691896439,0.0991833284497261,0.10479854047298431,-0.9586160778999329,0.16592498123645782,-3.867722988128662
1726869640564047408,-0.003810718672110404,0.02446101094280335,-0.15491270572673657,0.05973774567246437,-0.07027416676282883,0.037143953144550323,1.002246379852295,-0.1399938017129898,-10.461999893188477
1726869640609468086,-0.003115820391093056,0.021912354566161814,-0.15341020457002158,0.03551603853702545,-0.05593437701463699,0.043896906077861786,0.7896826267242432,0.1802407205104828,-10.226913452148438
1726869640644275730,0.0017011871060168854,0.01908047282047107,-0.15165733497994538,0.11140432953834534,-0.07101781666278839,0.038578249514102936,0.6609926223754883,0.6014236807823181,-8.163013458251953
1726869640684435282,0.00342054276287319,0.018614346827270888,-0.1504910053714785,0.04423779621720314,-0.006692847702652216,0.03380424156785011,0.5217018127441406,-0.19838085770606995,-9.148527145385742
1726869640724289120,0.0045034015567023645,0.0176397995364419,-0.14901613202213432,0.008686834014952183,-0.03476325795054436,0.03570832684636116,0.08390161395072937,0.14742028713226318,-10.525284767150879
1726869640763834260,0.0035910782446724058,0.01770240659150607,-0.14841222278047264,-0.012823398225009441,0.007854540832340717,0.017838740721344948,-1.118973970413208,-0.9770949482917786,-9.390463829040527
1726869640809159020,0.003997264490902715,0.01723738013586907,-0.14823698971582014,-0.0028368071652948856,0.0009177772444672883,0.00018289164290763438,-0.6322512626647949,-0.39945098757743835,-8.441133499145508
1726869640844599535,0.0029350299555254535,0.017862729079208817,-0.1485855522187295,-0.030560174956917763,0.018327174708247185,-0.007766573689877987,-0.9768545627593994,-0.17292772233486176,-9.87258529663086
1726869640884172495,0.006318376026972006,0.01623295113689567,-0.14962554010386034,0.09170477092266083,-0.05464329570531845,-0.03472517430782318,1.9320473670959473,0.6535741686820984,-17.916231155395508
1726869640924262489,-0.0019846314213467033,0.02112079499496745,-0.15243364445255567,-0.13361883163452148,0.07458514720201492,-0.06616313010454178,0.019467821344733238,0.657508134841919,-7.010704040527344
1726869640964039439,-0.004678963083821889,0.018702773106529735,-0.15059922922072613,-0.0459202378988266,-0.05584624037146568,0.04564279690384865,0.25816810131073,-0.4260003864765167,-9.631135940551758
1726869641010873840,-0.0036936358067363763,0.015972311338875875,-0.14735557117773937,0.0028659089002758265,-0.05789284408092499,0.07706998288631439,0.3203178644180298,0.10827464610338211,-13.365015029907227
1726869641044382521,-0.004161754214559318,0.014146110314200122,-0.14429140650534925,-0.010322061367332935,-0.034828536212444305,0.07922887057065964,0.9354073405265808,0.23060199618339539,-10.5054349899292
1726869641083920679,-0.005658607711791923,0.015080814904827844,-0.1412890016257346,-0.022116893902420998,0.022018587216734886,0.067982517182827,0.571155309677124,0.38487687706947327,-9.788646697998047
1726869641124037415,-0.004288506435871798,0.015354335434771795,-0.1393408852632374,0.03471323475241661,-0.003469645045697689,0.052538733929395676,0.5255550146102905,0.33340519666671753,-10.567850112915039
1726869641164098430,-0.0037826253767789778,0.016785267146563605,-0.13744521936519868,0.015258768573403358,0.040759243071079254,0.047619860619306564,-0.35358303785324097,0.7878563404083252,-9.489086151123047
1726869641203910535,-0.0022755988928212937,0.01714059120624952,-0.13557219546136667,0.05221036821603775,0.01727735996246338,0.05060040205717087,0.447553813457489,0.7856106162071228,-9.517680168151855
1726869641243989776,0.0011275685068130679,0.017858680064456706,-0.13408873405587862,0.08063273876905441,0.016590436920523643,0.036907345056533813,0.4412347078323364,0.6384016871452332,-10.415389060974121
1726869641284295022,-0.001454522004355781,0.014961405617580383,-0.13195491617009752,-0.09165569394826889,-0.10917868465185165,0.06050824746489525,4.867660045623779,-1.1171270608901978,-12.428112030029297
1726869641324012201,0.0017183117457242355,0.015467999287047656,-0.12849854687446532,0.07190235704183578,-0.01105834636837244,0.08581811189651489,0.5281566977500916,-0.37570327520370483,-8.587286949157715
1726869641363861906,0.003487381143576129,0.015053570847825175,-0.1261908924278013,0.03357068449258804,-0.00452288705855608,0.05504625663161278,1.0769362449645996,-0.466767817735672,-8.764968872070312
1726869641408219753,0.004519835391991746,0.014528477904965273,-0.1251945293987087,0.05298825353384018,-0.03944294899702072,0.026750052347779274,1.6417133808135986,-0.7988801002502441,-7.8344407081604
1726869641444255871,0.005138690443439217,0.011508810912558662,-0.12617038715276135,0.025233054533600807,-0.052238985896110535,-0.02644507773220539,1.3246910572052002,-0.24275466799736023,-10.571212768554688
1726869641483768047,0.00834789562298818,0.010275698156924296,-0.1274449814954537,0.07205390185117722,-0.03835294768214226,-0.025568239390850067,0.39982885122299194,-0.012380083091557026,-8.880413055419922
1726869641524005918,0.010580208583753527,0.008205451476761823,-0.1286399313801957,0.06432557851076126,-0.04111270606517792,-0.030971214175224304,0.47250252962112427,0.0375109426677227,-8.659384727478027
1726869641563678450,0.012623906969637467,0.0074302545600270446,-0.1298952268584329,0.042733628302812576,-0.020505761727690697,-0.029547326266765594,0.5716161727905273,-0.07232588529586792,-9.681487083435059
1726869641610404638,0.013687844330712722,0.004921133704274804,-0.13071511913996078,0.03527894988656044,-0.07062231749296188,-0.01958547905087471,0.19788923859596252,0.1804124116897583,-10.387115478515625
1726869641644230370,0.014341057557692511,0.0026364360055965365,-0.13182306244785388,0.006539877038449049,-0.050608064979314804,-0.02458387240767479,0.6111526489257812,0.3803821802139282,-10.30307674407959
1726869641684025928,0.012171946112128611,0.0024471825260586728,-0.13264678159531967,-0.037868939340114594,-0.007445158902555704,-0.024480193853378296,0.48601728677749634,0.33611851930618286,-9.353181838989258
1726869641723938291,0.010405400183810995,0.002725618729824801,-0.13409349468038506,-0.0437055267393589,-0.00472906231880188,-0.035566043108701706,0.5017943978309631,0.0012857377296313643,-10.229547500610352
1726869641771545042,0.009879573843709223,0.0005902360835981657,-0.13577437286097244,-0.02032104879617691,-0.0499592162668705,-0.04003879800438881,1.1100867986679077,-0.3608245253562927,-14.607040405273438
1726869641811361787,0.006573690640639581,0.0007299578613126274,-0.13921474008045956,-0.09477632492780685,0.007600598502904177,-0.0812748521566391,-0.7919546365737915,-1.1049646139144897,-7.918078899383545
1726869641851329157,0.0047272048970638724,-6.304260047377422e-05,-0.14111637230525886,-0.024341056123375893,-0.016153207048773766,-0.04264938831329346,-0.6765024065971375,-0.6817296743392944,-8.253887176513672
1726869641884000511,0.005754478288717885,-0.0009585540982776477,-0.14165901805474218,0.012028370052576065,-0.015414051711559296,-0.013649671338498592,-2.014512538909912,-0.8651221990585327,-9.399801254272461
1726869641923813736,0.0038445820110584394,-0.0020482031667806303,-0.1411697919078262,-0.04763076454401016,-0.008678557351231575,0.014389601536095142,-1.350203275680542,-0.952711820602417,-10.694327354431152
1726869641963860522,0.0021373096645583246,-0.0009326272746524214,-0.140117395868995,-0.038166072219610214,0.01682811975479126,0.023689735680818558,-0.8194363117218018,-0.654332160949707,-9.601788520812988
1726869642009876681,0.0013270407465189637,-0.0005606177126301144,-0.1393635227176112,-0.02781343087553978,0.011188721284270287,0.019810043275356293,-0.3474366366863251,-0.552206814289093,-9.952920913696289
1726869642043945879,-0.00021860649354554974,0.00010332194605631874,-0.13847517950745722,-0.03278068080544472,0.014036254025995731,0.02291594259440899,-0.07894261926412582,-0.11995542049407959,-9.875177383422852
1726869642084279971,-0.0014551651264928332,0.00018417987989409148,-0.13744067943782973,-0.03014799766242504,0.0037991623394191265,0.026082666590809822,0.12992966175079346,0.033366937190294266,-9.650426864624023
1726869642124495794,-0.002829515178723016,0.00021719430434575425,-0.13629960499075855,-0.029942726716399193,0.0026519757229834795,0.028679056093096733,0.4183593690395355,0.16266638040542603,-9.638050079345703
1726869642165411260,-0.0030827696818025952,0.00029492119505180383,-0.1347408324870223,-0.012569318525493145,0.00747357914224267,0.039361368864774704,0.2500154674053192,0.28158295154571533,-9.951240539550781
1726869642210542211,-0.00479609162649015,0.00014660380378708326,-0.13307737878494705,-0.04915856570005417,-0.0033627355005592108,0.04012447968125343,0.41288015246391296,0.3055548369884491,-9.60801887512207
1726869642244133645,-0.006293633468612787,-0.00021168193472326626,-0.1320657811420903,-0.02641652151942253,-0.008283942006528378,0.023758718743920326,0.4944226145744324,0.30971232056617737,-10.114325523376465
1726869642284429110,-0.006699635595711541,-0.00017981909764938644,-0.1316854976583375,-0.014513839036226273,0.000922190141864121,0.010455668903887272,0.43581125140190125,0.3474059998989105,-9.79527473449707
1726869642324162031,-0.0064429037547374295,-0.001034783350333895,-0.13191794779321675,-0.0037660819943994284,-0.028636958450078964,-0.009665915742516518,-0.2214657962322235,-0.23811718821525574,-8.99538803100586
1726869642363981632,-0.008716783671080596,-0.0010010702457893678,-0.13181781676601687,-0.04822097346186638,0.008322535082697868,0.012709571048617363,0.38292965292930603,-0.14228349924087524,-9.977255821228027
1726869642411223935,-0.010437878288549913,-0.0005602900267088561,-0.13060879562494826,-0.054971568286418915,0.011685390956699848,0.02385849878191948,0.304916650056839,-0.08599551022052765,-9.922501564025879
1726869642444430774,-0.011720910143177735,0.00010036011699052368,-0.1293199123008216,-0.025344638153910637,-0.002815480809658766,0.0368976816534996,0.2157968282699585,-0.16856874525547028,-9.698784828186035
1726869642483885338,-0.013007360720379828,-0.0003671442991739472,-0.1276063881139939,-0.03433080390095711,-0.01239096000790596,0.04102803394198418,0.21177302300930023,-0.05246097967028618,-9.886940002441406
1726869642523915958,-0.014784111810241692,-0.00167976675433287,-0.1260180486674387,-0.043632231652736664,-0.03791087120771408,0.04038684070110321,0.11433547735214233,-0.029864275828003883,-8.567578315734863
1726869642563830168,-0.017293456786401165,-0.003665975001516029,-0.12443542605965188,-0.06221819669008255,-0.04203679412603378,0.03852374479174614,0.44843631982803345,-0.1890692114830017,-9.726985931396484
1726869642609693734,-0.0187378634084913,-0.004799654232581782,-0.12294197887788788,-0.032378725707530975,-0.034649137407541275,0.03761788457632065,0.33272719383239746,-0.22482331097126007,-9.152812957763672
1726869642644417607,-0.018602807439258066,-0.00624675866502059,-0.12154007780338644,-0.005848407279700041,-0.029904723167419434,0.0343666635453701,0.2547175884246826,-0.20803147554397583,-9.907549858093262
1726869642684077235,-0.01669403698689948,-0.005218726923260212,-0.11966371084065666,0.04322375729680061,0.03627198189496994,0.05182897672057152,-0.8875510692596436,1.2731084823608398,-13.85558795928955
1726869642724099475,-0.022265288989268578,-0.007962538135719533,-0.11620998406891526,-0.07852537930011749,-0.08732963353395462,0.07917188853025436,-1.548622965812683,1.44719398021698,-5.626306056976318
1726869642764312745,-0.021811359565115023,-0.009554261706725874,-0.11536764417911587,0.009688110090792179,-0.033403221517801285,0.015230676159262657,-0.14380207657814026,0.5433385372161865,-8.079187393188477
1726869642804331898,-0.020649176404148702,-0.00800110860541396,-0.11624908350126144,0.020831448957324028,0.035467829555273056,-0.017208736389875412,-0.1712663471698761,0.3950197100639343,-9.486230850219727
1726869642843805174,-0.018641965576726597,-0.007650984491725079,-0.11750030348777078,0.04797247424721718,0.0072000520303845406,-0.030708113685250282,-0.15421326458454132,0.6059958338737488,-9.748024940490723
1726869642884061201,-0.01647168796940909,-0.006738855392217509,-0.11838555396381575,0.059996347874403,0.03036435693502426,-0.020979417487978935,-0.09792544692754745,0.44171077013015747,-10.39744758605957
1726869642923790327,-0.01419463134790307,-0.005268743862078742,-0.11863112611002527,0.06269638240337372,0.03089815564453602,-0.006828987970948219,-0.542560875415802,0.36129632592201233,-9.369779586791992
1726869642964814029,-0.011822055705467452,-0.0055192296937716,-0.11906981045796114,0.05450702831149101,0.001555897295475006,-0.012961197644472122,0.12229839712381363,0.34798142313957214,-9.636009216308594
1726869643010641857,-0.009016011050747234,-0.0052978631769641646,-0.119946005920284,0.06586643308401108,0.003962053917348385,-0.023308703675866127,-0.05400807410478592,0.5670435428619385,-9.256454467773438
1726869643044256855,-0.008865582382969538,-0.0060025576011251665,-0.1215000220020325,-0.005459494423121214,-0.006493064574897289,-0.04072856158018112,-0.03997500613331795,0.42597463726997375,-9.353673934936523
1726869643085758312,-0.009806529673666773,-0.005997547989279427,-0.12328934701847566,-0.027656596153974533,-0.004185641650110483,-0.041870180517435074,-0.7749098539352417,0.20724332332611084,-14.948756217956543
1726869643124042879,-0.0041265227122352826,-0.006589472154744929,-0.1267244978029254,0.17355547845363617,-0.03884371370077133,-0.08534416556358337,0.2861749529838562,-0.14391088485717773,-4.1071367263793945
1726869643166062328,-0.002973440880377884,-0.007611720317611776,-0.12946511666324786,0.007627705577760935,-0.015754906460642815,-0.06067146733403206,0.10537408292293549,-0.045935362577438354,-8.26558780670166
1726869643207652534,-0.004751695516282855,-0.00650044022446906,-0.13019085337004463,-0.021384140476584435,0.02928556129336357,-0.01692400686442852,-0.0381806343793869,-0.12334372848272324,-9.982513427734375
1726869643244181279,-0.004431449073863632,-0.005773517605363491,-0.12985063882556794,-0.002401079749688506,0.015730498358607292,0.008467106148600578,-0.27808064222335815,-0.24790455400943756,-10.235333442687988
1726869643283798453,-0.005027484538599285,-0.005064827468968718,-0.12883759170564746,-0.015290622599422932,0.019832288846373558,0.025135572999715805,-0.32992592453956604,-0.2696079909801483,-9.823486328125
1726869643323855236,-0.005641785139097235,-0.0038770295570348897,-0.12797045839028884,-0.015269510447978973,0.02764209173619747,0.020708773285150528,-0.2964494526386261,-0.19014309346675873,-10.113399505615234
1726869643365551080,-0.006530980768951625,-0.0034101427027609077,-0.12759520582656697,-0.022552091628313065,0.009567218832671642,0.009032653644680977,-0.13919183611869812,-0.08987646549940109,-10.034676551818848
1726869643406762154,-0.007284229739706882,-0.0031933382882145117,-0.12762307563840067,-0.01680285669863224,0.007424521259963512,-0.0005394332110881805,-0.045089080929756165,0.07048003375530243,-9.673558235168457
1726869643444195063,-0.007857307537462855,-0.003108789816525219,-0.1277871171440327,-0.01767648570239544,0.005741679109632969,-0.003518344834446907,0.03713737800717354,0.14777745306491852,-9.802803993225098
1726869643484259640,-0.008434794915038435,-0.0028423131382490554,-0.12777758253407645,-0.014649464748799801,0.005792838055640459,0.0011089998297393322,0.0853457897901535,0.18777549266815186,-9.810744285583496
1726869643523975604,-0.00905692419954852,-0.0026339903186269682,-0.12740492265448666,-0.015699611976742744,0.0050006466917693615,0.00949377752840519,0.06941211968660355,0.23467499017715454,-9.77574634552002
1726869643563879460,-0.009545202037481607,-0.002591771286319563,-0.1269123510515062,-0.011516647413372993,0.00045215655700303614,0.0121727604418993,0.08485832065343857,0.23322242498397827,-9.826249122619629
1726869643604010943,-0.009736995271497902,-0.0026908479724583496,-0.12657140159745156,-0.004250703379511833,-0.001963295042514801,0.00797577016055584,0.052840571850538254,0.21669848263263702,-9.800382614135742
1726869643643831295,-0.009706815077755313,-0.0027465743466330147,-0.12647153449450688,0.00028037207084707916,-0.0019579308573156595,0.002047334099188447,-0.016628457233309746,0.17918330430984497,-9.79806137084961
